Region/Country,Jan_20,Feb_20,Mar_20,Apr_20,May_20,Jun_20,Jul_20,Aug_20,Sep_20,Oct_20,Nov_20,Dec_20,Jan_21,Feb_21,Mar_21,Apr_21,May_21,Jun_21,Jul_21,Aug_21,Sep_21,Oct_21,Nov_21,Dec_21,Jan_22,Feb_22,Mar_22,Apr_22,May_22,Jun_22,Jul_22,Aug_22,Sep_22,Oct_22,Nov_22,Dec_22,Jan_23,Feb_23,Mar_23,Apr_23,May_23,Jun_23,Jul_23,Aug_23,Sep_23,Oct_23,Nov_23,Dec_23,Jan_24,Feb_24,Mar_24,Apr_24,May_24,Jun_24,Jul_24,Aug_24,Sep_24,Oct_24,Nov_24,Dec_24,Jan_25,Feb_25,Mar_25,Apr_25,May_25,Jun_25,Jul_25,Aug_25,Sep_25
     U.S.A,116995.23999999998,105295.76000000004,118274.29853,118681.15999999999,139986.39,142623.41,135880.90000000002,155515.7,155714.00939999998,156361.80740000002,151895.99000000002,168767.77000000002,169810.7125629263,153468.522208629,162637.25,171280.59178243272,182618.494390741,179973.44952400666,196411.67997875964,179151.2409146004,191535.40000000002,222508.04,211524.87,221536.466488803,209137.41290817643,186503.353884123,213806.0357100393,210810.695145804,195145.853168436,183360.96,184865.4143017899,181585.56215885436,186426.42209487,191552.00611303,192760.20557517375,198478.15646169268,204314.3,182382.25150074702,205438.44556080198,182819.622157686,189292.124040256,189017.541333133,208381.716348104,192364.348510176,183771.236644434,190848.86950086098,196754.48959606802,215008.150806119,221007.4298909979,207165.64833458897,216327.542900702,195971.56180500102,214592.137243606,196119.84,216602.950927845,237719.281174075,231710.097296861,234680.466143495,225999.395803417,231292.303216865,227502.646638704,202244.54422634182,222725.939387171,235891.38336869358,231864.25114063628,227347.11537448197,227603.99757789104,242622.24706471054,229835.198775081
     Canada,3393.74,2893.7000000000003,2663.70411,3287.35,4242.1500000000015,4049.55,4823.25,3700.75,8444.339999999997,3633.403,4349.542,5574.94,5463.346209568035,6306.386949223428,8340.829263951637,9993.1761617894,10352.446688579766,8912.07251212302,9755.298138682512,10125.246641913904,6130.58482454885,3322.82,3384.0,5308.246949858119,5936.938393523087,5405.110158174032,7911.428843176388,7738.115629517252,7061.708170034841,8658.822106987505,7020.30275925765,4596.799442237049,5884.7725102653585,5303.712187778753,7013.51437872583,6676.248461252336,6593.443688474699,5771.071956197377,5511.143256613555,3997.3375989592364,4629.9450321264885,5648.868854348375,8460.200719492568,9040.39537708662,10334.47335300321,11104.201397810695,5641.155158371855,6379.1448660011965,6108.91129714777,7137.0829994535225,9244.112033014411,17452.876992587368,10381.467946714221,10355.102039113217,10119.84087385687,11302.31296207912,10893.769083930365,12113.340205647099,13023.192993034681,12380.1724002595,12935.61210069521,11634.557040123495,13658.727087325053,14181.096988832014,17737.416853583574,15268.837735427409,11919.359437719912,13604.038222654355,13489.83768990037
     Bahamas,539.73,421.88,424.68,0.0,36.89,56.2,75.96000000000001,4.22,8.719999999999999,82.28,10.91,8.09,23.577694212487103,19.041986946642172,308.7460565321898,47.26724628158417,14.614152510254465,11.431888194903546,37.88716281166464,40.4413508524482,35.196226353577785,36.947940874818066,3.948704783494437,138.29608593509107,41.80111190868075,10.684874191644859,117.09205218701558,18.59467438968292,42.904848454289336,40.32376444442962,40.301918647685184,38.121132140309236,40.421851926738874,140.19688139187852,48.83235721141868,39.98704700933441,47.374643288848425,15.36065620803336,51.828247746417574,46.599522624447644,90.06955518634481,45.26484067636614,16.82230303839461,81.85111358583156,58.78028733459666,52.194462914345394,63.73491850748269,56.54034407645305,53.16603186219739,218.2660812022084,35.88295622552226,86.15961063857861,33.24946232671019,259.602103277092,87.98286754826873,83.41486441722134,55.76530539104517,57.64867214395781,311.34501979695705,167.57761933853493,218.69417197963145,37.07501560985407,66.2712168552971,182.1656167819054,86.4543136041478,147.9738947597,38.3453964850846,148.88863595624,156.067362231065
     United Kingdom,21190.0,17567.829999999998,18778.69654,16191.040000000003,18911.83,19120.089999999997,22901.199999999997,20640.050000000003,16412.68,20006.019999999997,18432.420000000002,20077.7,18883.094145331266,23262.0033043612,32653.0081227738,33127.650661481,34587.3610320255,31100.5070042827,36362.33051025857,28533.5257735187,25759.865612070942,18591.41,14596.72,21444.9466640737,25398.012233095636,25885.7295553874,26890.70090175427,27267.790940787403,26344.08970962521,26801.13,26014.5928720879,27425.3595420953,25579.093448528198,30570.95,33332.35639684899,31609.50561084653,22718.2828295595,25187.57655397064,30928.154124237382,24026.098462555856,32303.190418155566,34159.136259900086,35566.08438263892,23712.06651675883,27097.430046474954,23242.509686778394,28165.6490213325,27083.928693036993,49023.28545424865,31274.5943673215,32099.3064399834,18902.30907739199,27586.99087654599,24557.875409886132,30209.461107331823,27047.849974586603,29875.4531136963,28537.9064637289,29281.072793560732,29223.757178576885,25318.709147861267,25734.62053593198,27357.190859996397,26608.281523992857,30078.32486090248,32296.98253055907,29185.849433718817,31039.384980696024,34917.537273570524
     Germany,6963.54,6156.280000000001,6774.23513,6246.750000000001,6960.64,7308.3,7579.670000000001,7210.99,6607.18,7175.26,8540.898000000001,12083.13,10272.891006704398,7360.835933134287,8093.27060663428,9583.276151254984,10605.952143774797,9195.428895922993,10655.979793209655,10412.662769426968,8414.38,10788.24,9867.01,10966.797164258882,10789.246411488784,9114.898635652176,11269.94881604845,10170.534415183629,11410.555512319534,10130.734584506801,10289.51310548157,9754.845993568524,8855.873029498749,9977.432030918964,13317.842012851568,14466.365542558671,14432.56752940852,10868.061841858313,13623.643131969968,10027.230306249743,12113.455094538733,12095.030475955642,13468.5620050192,18276.33575706945,20604.4468958557,22684.20782058065,13525.248640235619,14095.526543822538,14925.920671142087,13537.44214630137,14976.232895814333,31898.206998662183,13938.456529489007,13830.030327945115,15955.460130905267,15779.50615547467,15072.80181624738,15967.945050773056,15534.63967615749,15835.925065031684,15705.55973737696,14812.644305689279,16006.266780202563,16373.069493662493,16409.642221345144,16459.725650080898,14740.007646828646,14943.729723848266,16256.560043193218
     Switzerland,4291.64,2715.8599999999997,4404.404,2218.3199999999997,4305.009999999999,3984.5799999999995,3668.62,3943.0899999999997,3250.0799999999995,6072.9800000000005,4948.700000000001,5424.259999999998,4846.380052490572,4225.819153892453,3822.55879932268,3869.7318890836896,3618.059652902906,4838.472869261509,5314.392795888528,3279.2732657291367,3646.9257976252243,4186.342303709539,4351.209625610074,3917.772953469775,3838.348549813466,4315.19193762528,4378.181670457797,3787.3073620387026,4411.3935673735,4245.12039555067,3450.66850057263,3942.9542347972683,5233.741417708335,4557.473626640078,4780.154756075712,3759.2126314724264,4012.2346448254525,4111.834762826547,5464.4425174389,3764.889855358877,4345.915631417248,5826.654713267241,4116.792451093602,3098.0556635869334,3769.25174280843,2921.8758765695457,2957.815142442756,3988.349647709586,3156.750101839718,2964.91085147884,4374.471570366724,5828.5694951073765,5753.313116483968,3490.9067879485638,4351.451625100427,4860.3699793885135,3965.5150534695176,3795.7607613269292,3848.859154258403,4928.702086755387,5137.6414788732,7352.265516065405,4421.825742696734,4520.912758909614,5102.487534604203,5120.98545724908,3389.882649317509,6305.375443919533,4074.9021983028706
     Netherlands,1828.68,1745.8599999999997,1578.38275,2299.93,1386.8100000000002,1321.95,2101.6200000000003,1481.81,1705.94,2719.0899999999997,1824.4700000000003,2281.0299999999997,1805.8703819160414,1872.5378167679237,1940.0551118563098,1772.958920351847,2364.1660517190267,1888.5173478346576,2022.9408976395343,1854.682125398898,1846.71,1172.84,1196.66,1960.2913827173895,2242.0200550665127,1992.1185226841628,2154.0961710278975,2267.137827343126,2286.5256235144057,2099.407165380888,2086.3249484927096,1311.9656535990591,2550.903322410952,1628.2323205018283,2007.4396283250096,1894.1877200402866,2275.944134435851,1721.5276235792953,1755.1455924696986,1254.3006406089085,1476.9249805568438,1998.579602575502,1971.8423860714774,1473.041759944462,1752.4083384098315,1778.5650475774064,1686.1807209127323,2182.310076853246,2141.5917273164478,4614.907124048174,2101.5226817660687,1651.6156015930042,2254.0627864617873,2116.0768360179445,2701.36475331129,2460.6866864149706,2604.6499389175674,2858.4452160109972,2545.2864895711673,3102.999686047838,3099.186176532143,2514.115978451875,3789.1761336378086,3987.4791746117266,3122.992646672304,3617.1990281943768,3131.8726325279504,3162.0853805551706,3578.057548089155
     Italy,2138.2599999999998,1700.1599999999999,1732.41607,1727.25,2144.39,2690.8099999999995,2184.98,3196.780000000001,2279.2000000000003,3123.4600000000005,5022.88,5684.68,3501.590583894453,1755.4167885748698,2289.384,2418.422760709362,2173.215294625604,2256.3937628924264,2243.3569048315017,1786.1594453379748,1906.1224995340351,2893.321601590434,1535.4720928556012,2131.428345767004,2637.140857657631,2016.2285027316336,2029.6226872742568,1835.869408694804,2097.368289012219,1909.2542923340256,1597.1440871054767,1553.7904228134864,1714.3019940285014,1866.2429065065319,1744.3752346839337,2175.825331292678,2260.82445634732,2353.618382487012,2169.4403789046137,1864.403407296929,1719.2778674514425,1702.3928628961612,1886.1670156551127,2924.9425697034644,2027.4082522096803,1643.635925682922,2861.2187812708557,2062.982952378089,2544.5325853168365,2645.8055600649604,2961.921924458834,2006.7296931151498,2599.6917391458574,2647.3409968898504,2928.364772475181,2884.8209540602525,2920.3206759753725,3165.6143908841605,3166.3562018630028,3276.2959900871892,4222.8052993030005,2994.40682949154,4253.112245297306,3569.76109489786,4432.2063488013655,3531.513036523036,3999.511220244376,3924.3286873762727,3158.2444506239462
     Sweden,1880.54,1626.4900000000002,1680.62,1318.53,1371.77,1206.8999999999999,886.06,1208.6200000000001,1431.7,1584.59,1789.08,2022.6599999999999,2440.311674904845,1700.4746607160891,2084.18235936247,1949.10952160072,1964.533910270951,1839.539388060992,1986.0297627055593,2400.210451808408,2001.88,1359.43,846.6,1853.5984402452004,1970.7917754984712,1991.3926900623244,2200.0645656017005,3342.935983385324,1986.1398914300967,2616.1952030173798,2311.712235486452,1589.7418373885118,2300.1706310914838,1886.2674577334167,1551.3516939754809,1874.3526177001916,1886.2794026363474,1329.2843318000532,1350.0432233994945,1590.7597703992599,1033.1157506576644,1481.5340255754375,1974.5718231774833,2053.2837619246175,1972.0618231528892,1929.434560347552,2017.6679662532856,2257.920813153971,2438.989271936651,2083.827171786538,1905.961841665467,2259.2789761687654,1635.1317503448558,1583.4986795681866,1912.0921735644329,1149.5032402596694,843.6261701707477,729.4005782993162,815.4351051741214,790.4545422106843,887.8326110467153,879.0865616427593,873.1776587591836,865.6156466281321,1433.1004857698385,1215.8623939299127,736.8355279411443,506.1149844260616,674.4793831385931
     France,2130.32,1516.3499999999997,1361.3184700000004,1431.7500000000002,1458.1799999999998,1468.7099999999998,1442.1599999999999,1739.46,2117.9900000000002,2743.7999999999997,2228.5,2357.8599999999997,1528.6398264068323,1643.130640376618,1504.63140843406,1900.4165732780336,1824.6381489057767,1921.842212254029,2724.183401241128,1576.2655901925705,1674.99,1399.78,1835.98,1839.8565315643004,1906.1581720172371,1620.7847327709733,2246.5505135271683,1710.4521105832753,1650.477104676075,1747.61,1180.1014123144753,1314.30394744612,1427.2513838085374,1607.8445081679147,1506.413273901741,2007.245174108624,1788.506270549313,1752.7945653311408,1645.8194195130993,1625.4978915942654,1484.6792094665805,1200.5526231185363,1742.8829354651498,1437.0420214810201,1194.0867618727418,1318.4444428116767,1428.5940562001965,1647.4552348313186,1572.3288149856153,1604.9578422425939,1899.9841439158026,1425.8154767524995,3085.4597396397294,2209.0067774340678,2233.4359247891907,1929.8956460376157,2033.6192578687026,2872.076480121115,2273.4741055834656,2198.6474456281935,2070.1090901697357,1790.3388162842618,2127.6893285247697,2267.5950257676677,2717.141042156133,2344.430211366299,2456.480025125553,2267.8977539724515,3038.364862666738
     Norway,1288.5400000000002,1046.91,944.68,2441.0399999999995,1132.34,1147.85,1263.67,1367.71,1389.25,1296.85,1434.18,1833.4,1583.8611050703837,1464.6421210760918,1582.1160364551524,1738.518058772245,1713.7611900196414,1956.3956364124358,2026.8395900943865,1803.543075353191,1353.81,840.22,924.84,1621.2208932547435,1687.4192223453074,1787.0062533638159,1897.6367761339736,1870.586930951758,1798.4941574488546,1923.77,2024.949651252584,1311.346268180757,1117.8690475202034,1336.5529779236215,1374.9152979559262,1284.1034912913435,1726.3574790196544,1114.8457113337001,1160.0592731586876,839.9378024199182,1173.979839609445,2017.0160089754477,1966.7714532213752,1456.30442687119,1404.8943569945286,1296.8570050592305,1307.0204059290986,1650.6633698339538,1596.378854987296,1663.880737893744,1702.0462592708361,1533.5462293997707,1518.72814569923,1712.192377470039,1737.2580801204242,1703.3474854117383,1642.1772484859164,1698.1076385158453,1716.8253870627104,1923.9814812464651,1824.3324302563872,1707.7800131611284,1986.9586464232718,1852.1530180159084,1988.182226746931,2088.4369080111114,2123.486239637196,2053.1616087370926,2110.2789312142877
     Belgium,751.0200000000001,606.74,919.1349000000001,1016.8500000000001,390.18000000000006,485.1700000000001,620.05,815.18,999.6400000000001,1479.99,836.97,1539.1899999999998,824.4161488436549,743.4854755507624,834.62631636703,1926.8364992296213,1970.8117941994644,960.744781066383,1698.5388311318084,1800.5120715536357,788.1442218945646,771.9516630417531,850.9889452251513,1137.3737800514236,1007.0844477668131,1299.5286888561495,3363.09672297052,1728.9537088037973,1755.0380588532255,1139.347166849254,673.4602650501337,759.4951110926039,620.745439875263,994.7841229882816,1430.4594006991204,1201.29617771731,1033.0540568462995,957.6617983192855,1077.4211609302163,651.0452453394233,715.6234265653334,662.0181449324393,998.8255044034173,883.3911365238441,780.8798872110907,670.5462931375017,1091.9015079537205,1390.7950332458397,1287.4775953753028,1093.0712157792123,1150.8718943034435,1855.4560120632477,2160.4481553434516,1912.5516770163242,2176.922272978425,1901.1415689058545,3155.8734713390236,1833.866572808653,2057.0982709577183,2208.582777226623,2465.38235766856,2258.276247742836,3044.8071509880037,1297.5727601042088,2658.323547946699,3004.5397662646847,2869.001232632035,2772.867792336905,1140.8770447554725
     Austria,668.8000000000001,567.77,484.43,504.23,625.87,547.2999999999998,699.57,612.6899999999999,683.1999999999999,329.94999999999993,1176.86,1061.05,804.1945962957168,733.44,1505.2972306359081,600.4336893755274,648.8180532474872,443.46298442925837,638.7922655447188,489.5515359477916,415.6086156530377,431.49041987179095,395.39836871506816,714.5938727519483,772.1263765203232,903.5646746117719,773.7251133240995,911.7160847440223,893.8092806558568,842.6151255147877,452.68691826085666,420.6675282028263,715.5972468115326,838.027246977628,717.5887142709475,1141.4953918997433,984.8750242917923,993.4025502555656,978.7736827364905,857.2308749161177,715.4492670686176,768.336151135737,862.4650111288461,688.540255310335,863.8296823957304,700.4485974778876,733.0421203716971,752.3312815765636,1031.1915328646767,972.3940083580276,1016.1513687083549,768.6335505565091,980.9629157214301,1028.5444726513126,1087.5439428408279,1096.2640950507075,938.8159727788428,2154.1144380566293,1027.0462813061647,1032.249654053418,1253.7845409037163,934.245789750787,1299.236092052721,1111.4724475837663,1141.7988541145612,1427.383827546914,1322.6205182289577,1486.9404614963016,1489.5701209277163
     Saudia Arabia,9066.130000000001,6972.920000000001,8033.128,7481.209999999999,12049.350000000002,11599.27,11627.349999999999,10432.039999999999,11054.53,10898.05,10685.73,13061.519999999999,11145.8290343421,9678.97037341712,11666.4710314862,12097.6354589838,15062.774974624801,15170.57506650148,16607.042080456824,16563.1390577613,16611.84,18419.38,19205.1,22777.352542062163,19894.44337670097,19217.543420594047,25638.102264779758,23950.908973909463,26435.709135097342,24438.494761272246,22601.499065598786,26614.935407870795,27115.067576185265,28062.438408853668,26664.627278316788,31626.944943898026,30391.661407909545,24356.24049491662,33937.54357545504,29243.42045451805,35043.86086037091,30960.58494193604,29745.02237208759,32273.096015410785,26878.383665714824,33097.909107549676,31905.17110593936,31963.59809532308,32034.558957615474,30727.060807108242,38595.4038978654,36223.25529273156,35468.087649133675,29178.15167261789,37388.979789520876,32727.64389698315,30011.2554317655,34638.26014625399,30594.966704653525,35537.25550492987,32937.0044623895,28507.972430778478,37224.73025190343,29941.38818916638,33052.07100742412,28066.01103887649,28460.986609666907,16298.53757707175,16845.482265043735
     Qatar,4585.6,3946.3599999999997,5462.67929,7581.46,9734.23,9737.69,9934.600000000002,7526.04,7306.05,6786.329999999999,6349.870000000001,5967.66,5706.912515059925,6094.4090085765965,5530.89739500224,5904.360672569568,6292.384373727188,5333.040330147482,5790.595870723961,7041.9542293316335,6801.89,6969.56,7214.49,6487.56375721099,6006.334956724667,7085.446246058692,7481.496848330722,8074.880818644793,7786.621096354473,7454.807114470831,7854.742148889803,8083.315224954754,6499.368300359261,5455.836294352194,8100.838777685559,7079.870724343601,5388.926009091155,3989.7345337293764,4806.261522435767,4451.514011363121,4160.3177424729765,4626.52462967598,4437.142214810282,3886.319949894615,3100.163711819468,3150.3951514542637,3041.129926664053,3049.443398346184,3819.620597993564,5643.305375408171,6734.538784061221,6347.625359641077,6012.976281344876,7541.148553599333,6626.681156797283,4982.054091914393,5041.033724442118,6238.528980511142,4415.833190121098,5533.2665371686135,5292.4815397087505,6973.861889853683,7135.631359404405,6873.05050512728,6640.004897151259,6580.026790378962,6513.702534977952,5312.896009124026,4993.543753691557
     United Arab Emirates,5870.36,7628.900000000001,6660.606000000001,5480.88,3981.04,7297.67,6066.989999999999,6071.240000000001,7449.220000000001,3728.14,6471.01,6201.2699999999995,3375.780174513313,4534.11368077719,4086.86694671359,3850.3346850665225,4051.2842815837853,3756.639103307068,4819.495697581534,4151.68565302526,3780.08,7153.9,6061.81,7683.854848355204,6476.56816463954,4571.86695430445,6094.009315836158,6037.49712377084,5404.251244540387,5346.65548432929,6262.97630260251,3261.238097725284,5134.405972241599,4106.711291643364,4717.858375654372,4252.9418722924975,3975.159511886562,5369.858408022661,6816.652822792519,6170.338325540986,8029.365244932242,3926.4152790134303,5357.403641359657,4128.249050143525,3580.047241689427,6349.744870841273,5093.14416252572,6819.332034906623,9332.319291210228,10011.549488418643,9163.544471713483,7517.238838834587,12119.756363970146,14788.354986984363,11893.152755816809,13790.501768298227,12850.541595459366,11972.37867870412,13811.184254336811,10306.029110839296,14723.618736069438,13024.610322672483,9452.761088513294,10047.129435732213,10865.245852252145,10875.704413813546,7058.2725820771875,10268.161676283009,10669.463210151416
     Bahrain,742.04,907.1200000000001,1192.247,800.65,1154.5899999999997,1106.82,1186.52,1262.8600000000001,969.71,486.41999999999996,865.24,753.8699999999999,616.910093475251,1071.488591639539,662.5146011382953,1003.3556374374415,954.6532472987097,905.9689061811055,1212.1477187086039,1047.2,927.9370679716556,916.59,2116.27,986.7795921605325,629.521495163249,831.8960985266375,1406.9913103959786,761.0042599822993,666.9841886726125,707.8236003446517,575.0863725103463,588.0345894008,494.6279001498313,459.9769093185648,593.4898062916137,165.54696069000738,136.91822618431902,157.23936138635426,250.17789648876405,128.81049920085653,233.2050853850929,108.11214116261044,113.85169518114276,171.63435655867337,130.4262422991411,130.55680511472707,169.7570817910268,307.5151309384906,486.0615314028373,897.2333271199016,572.8311110996522,364.9901596728141,184.08574884102603,904.1649980686892,294.9231282412271,378.48739585839445,265.8540535918291,174.45244305150229,299.1263484820522,148.620099078515,483.9319937913422,300.6308530215729,397.13729778406224,297.1586953203544,788.852960097295,225.16554551989844,613.3454308820042,334.7719437780578,464.2837935652886
     India,3374.82,1118.85,918.0550000000001,1583.89,914.22,1417.74,1028.86,980.52,1765.5100000000002,2330.515,551.57,1358.6299999999997,3981.9459319755474,668.3979023248453,1687.71698011542,1610.3072284136838,1432.8859358818827,1167.007991216948,2069.3079772722303,1870.684520762846,1316.1666934918649,1737.99,2431.628573027057,2281.6756418693617,5053.114704629436,3602.2363837157172,1564.3579118995099,2065.1067015082785,3397.098314903294,4398.2133031293615,1174.5820459119873,1647.8193904543305,2350.813353718544,2110.410207369719,3645.6225137359866,3031.968918086442,1103.561249412281,1307.104216699541,2325.5002474207195,2083.865821650197,2966.1727909826936,2594.931148455399,611.2677048938127,667.8726165115904,1529.428904162385,456.7182875010353,2290.259784158924,2292.177249545445,2795.4875443054,1013.2622741005888,1021.0229477111453,1580.996557449296,1267.6075446755424,2593.0107630512016,2454.88411625388,1549.9097904282405,1093.1690541875632,1960.1006679767188,1615.3289869991133,1556.4090012366244,1028.5411653510869,1157.888220468143,1752.7185461115498,1678.60984269944,2669.1525733520625,1362.5104992090314,1738.476788818602,1595.1039023559597,972.6372829842575
     Oman,845.5999999999999,461.28000000000014,367.61580000000004,565.5500000000001,755.1,623.26,658.55,541.39,413.1700000000001,377.63,560.2600000000001,297.28000000000003,325.47987851245443,574.5639924462773,212.938008069993,885.2208481201806,709.0023343930221,646.5176506218779,780.2649160649689,717.9148190036267,587.6126264746064,429.72,448.89,613.3332111732635,432.0132998758498,391.28661605724375,501.7217839475699,658.7365060645483,490.6079497596594,464.86169090976756,460.7628642389129,379.1811316832247,250.967909605454,247.2007582359852,224.67185838426835,154.6302394602728,181.36415290860106,108.17364785949512,228.59591175689593,204.60464890717932,116.90864706518485,142.65755245815822,104.7600075437278,185.93616327059644,223.14398881395311,250.3526061652275,304.6820304761651,255.59327029931117,311.76026514463695,349.9716242381993,597.5490022882125,649.9782061807019,585.3964700412811,601.7838230244996,539.1124740567979,536.086766887582,592.4706243559965,1655.6932550356046,1274.0657368742777,927.6509484250288,1727.4627424115336,762.4102713336741,966.41522938166,701.5148995622843,813.6843082880948,1353.2323711602176,731.353142393623,683.7841285793894,767.929448818436
     Japan,545.35,487.02,513.57,443.01,387.31,579.79,545.6999999999999,549.1500000000001,567.0500000000001,634.3489999999999,626.86,617.0899999999999,528.4275145090742,489.8972375468053,411.7504605791265,570.9811753065825,512.0351898025664,535.8795295765633,455.19821529052746,458.6844935295313,417.94,400.29,472.02,1000.3121302730777,541.5606185797017,447.56073648545555,720.5564751240667,1023.33504475351,676.7180616480854,1539.0577451051095,348.2264928775933,921.9239686370602,355.2986967469068,1191.2153204006984,767.7718162302978,859.265610551648,1096.0865001594516,345.1335253385423,1073.5495598586301,1652.2138750200004,684.2996168802156,778.2759861691005,651.4048679965044,524.7269600711204,556.8321365456482,770.5896674044124,646.0127328042191,750.0782553675075,748.9171610635688,575.7964149788025,618.046241219808,735.4462573315816,343.97315590596634,393.8423934331751,432.8784418006866,328.69928908185557,355.27976567391727,692.5864015540475,334.7559626817785,427.6349126585966,385.4029121204731,289.0806567440661,1051.2782315657691,321.28854013590615,323.21594377864847,375.1047547070717,490.17802397836005,424.50887932088386,462.60272749314487
     Iraq,428.16,362.7,245.96849999999998,266.14,289.99,359.31,403.9599999999999,360.06000000000006,416.78,391.58000000000004,432.81999999999994,575.8000000000001,451.77580256315554,363.1067141401874,392.55189347645535,517.3232465644487,0.0,0.0,545.8837244313067,562.7777601885538,471.42,523.31,538.76,641.5954417920024,508.45419982471327,457.45566597665936,681.7128821257868,610.5836371097157,541.164997845646,548.4955454613644,464.72435398299797,485.82331328599537,547.6360917726698,519.1027209682849,525.4803516326423,603.971771418205,574.9849372092182,348.0315777577067,483.26189239420205,558.9278458731065,601.8545158734917,468.73789845048077,493.90337985874265,438.7135959339907,621.0743263875403,401.0734642637601,416.2075723370456,531.6756803348977,602.7650063229813,573.4075651868692,1052.3194660709785,4240.451403224276,4571.501087230581,808.3429145168835,1388.9814768956576,1231.518434303932,1322.996146404437,1007.410091418884,868.3811853309203,783.56130071468,292.824316613171,95.93500468091081,935.7986294151431,191.56409758328658,178.8412939253375,200.9753955625751,262.4043874594769,172.72883175217981,177.16923680574354
     China,297.68,172.54,98.45,196.82,460.8,61.19,46.69,309.19,441.04,265.78000000000003,282.77,213.03,221.77670885673984,265.7109849401676,132.89391343319542,0.0,227.01512569524783,229.34546027302534,158.37604704540354,234.47526572063708,118.60048394145576,91.44,118.84,575.9362552396727,95.32821679572635,78.72016414071281,145.45373016832036,592.7897181449982,193.98096053625852,86.6411645654484,87.11994968544222,203.57732883438325,105.35333054256988,78.99559073308254,80.3158425074558,92.15700851281605,34.34476613463928,96.69245628029857,176.3163894285825,245.3503183597148,256.8160640753977,127.15167577093662,131.8440219545317,116.88460992312561,280.8532108522285,273.6786506421347,181.48804549380992,699.6942593068187,331.9741714088456,1024.1431010881813,392.3382003579882,452.8804379496691,533.4430554637157,345.1560027458889,254.41119843250158,338.088568156164,409.2281208343663,471.5854390686214,602.6248261989786,816.1962232145618,835.6761093117411,579.9936443573583,1279.842500665981,1369.8545208457379,823.0227356475409,1190.6506978257573,1267.2179723287563,510.91765072739764,528.1726104106384
     South Africa,38961.22,21859.3,15897.38,5720.84,20938.920000000002,45734.07,26380.630000000005,8993.18,3807.5,4228.183,1656.451,1865.42,991.6234854501535,1424.8518860338258,1474.17658990773,1734.4814880193403,1102.7430149020943,1710.7482484179786,1003.8120405487072,847.899577634944,834.7,2692.98,1775.86,2314.593468405618,2337.3077156189233,2438.7311068927793,3003.694981141995,1548.2475395499828,1344.7914805294456,1138.3339703644663,1682.7242738883997,1155.6149874135172,1110.6122036283468,1174.6029621599562,2660.2416573067126,1003.3160807554435,930.7216508621422,708.2980964320562,1031.4880573268813,787.633326834719,957.0607048425733,870.6438583314423,989.1917661552219,856.3610188022338,904.4212647191373,872.8677116792289,1318.180405372596,1319.0560589187744,1035.582372899466,1444.3667721527806,2429.559243573286,1427.3662336220166,1807.5344829475969,2199.0860510667626,2191.821008610252,2689.1813090680025,3056.9430727566696,2680.0840950836696,1250.810927893282,1636.7521294673857,1349.1573278629598,891.1137698269506,1466.4849032153759,2946.7623475933187,1245.5652930104623,1321.3407114726326,949.0789108123412,1360.125040921879,1271.0900300405776
     Tanzania,2571.54,2465.38,2855.04349,2634.5099999999998,2590.16,2355.0,2956.86,4667.15,3222.62,3385.6000000000004,2931.7609999999995,11378.74,3663.75008149745,3490.6743006566144,3676.57,3501.311605138932,4085.274409721607,4017.2151560367965,4252.093442822647,4233.689810902551,4505.04,4325.55,4621.361009569299,4752.8059820466315,4217.505664806153,3988.753758415181,4986.020503918313,4910.372046654472,4272.192520964535,4488.034512802161,5013.939752971958,4296.14432685014,4676.1316557466,5005.874680041123,4864.626442540551,5472.3,5510.75,4662.804025105099,5482.200423479567,5051.82925451823,5733.450780603614,5179.0009898264,6052.066648828791,9063.02736437105,9139.08,6453.7525254340535,8611.61184888865,7020.220974358004,8420.889505071986,8377.328464647973,6901.039262808689,5760.860433275284,6563.85179976943,5136.534265795102,5131.571656955884,5400.320600076577,5279.86609089079,5384.50766390408,6592.4832930763405,6668.92168708278,7023.53322513501,5166.686789077436,5889.841032728566,5287.764909613698,5502.925941411477,5252.72198218265,6068.63740505596,6800.377118702893,6301.47059995775
     Uganda,1798.03,2556.359999999999,2750.640000000001,1565.1900000000003,1386.91,1175.39,1910.3599999999997,2233.0499999999997,1812.35,2550.79,2132.195,1882.7000000000003,2586.459926032773,2198.4483812566773,2343.29821996393,2181.8402805506494,2077.7824960692783,2425.4789340240973,2374.957090837904,2575.702363609616,3879.31,2720.71,2349.38,2269.3267189524245,2438.7787503286054,2571.9297655803402,2124.027220000026,2036.1312934942885,2511.518504991842,2541.1217070720318,2488.142334572368,2092.53196179802,2319.6636178760173,2106.4970760015435,2417.0231489412563,2062.3733769714545,3326.4265581129375,4706.356582199018,2851.169034123004,3724.827513983635,8851.747511744441,4910.614576630594,7301.7280068389755,4589.592632836379,4506.8297489123825,3377.4241604689696,3696.246359687315,5501.995402150325,6016.874405889882,4407.357746477484,5548.417392729804,4738.790735278715,5833.406837644417,5008.77178176614,5922.952104563114,4037.4618567048483,5483.727285436514,4881.41535291658,5890.8824499202465,7079.610703930009,5355.699502060441,4066.062384928876,4991.115565052187,4859.899779693067,4292.212230189815,5079.998742898898,5464.363374948183,5879.334044270677,5744.083741062811
     Nigeria,503.60999999999996,387.25000000000006,489.6,153.81,173.48000000000002,212.58,266.85999999999996,284.37,500.25,229.83,219.13,264.28999999999996,321.7017193532466,319.2117725318763,736.947,388.42980988048794,216.2463164641829,428.28680642161436,501.37150902604463,435.4938683051813,776.6806139161187,569.32,1396.0538222658538,1912.5724197041961,505.1651581688171,508.17070534946663,308.44279128561885,467.52998973616536,243.70842358505115,293.4285760895322,288.8481682153712,232.03463729471807,202.95601852296232,291.9308701074386,362.79470759394445,357.54363833237494,423.9868294952729,662.0546539678525,311.9505178221004,391.61272564462547,525.5534381391894,401.9687946069804,475.1888145021877,640.4991742934536,389.3320305102533,1145.3232642386292,430.2030351324734,325.93595509345886,471.03985602708275,640.9786131002951,942.6396450582798,487.4907246946053,724.7590099946568,598.8853540457607,601.7593820480502,456.8070572122825,513.3135428601872,688.0546801125575,459.115521904827,628.9605014711323,740.2732109863681,520.5406692554851,1374.148741953513,604.6880894071024,481.6909642035699,274.07501408185993,495.8923015983245,488.2055530316177,650.2584678165522
     Ivory Coast,128.4,161.45,80.55,86.16999999999999,73.75999999999999,332.5300000000001,73.66999999999999,249.92999999999998,188.41000000000003,223.64999999999998,284.32000000000005,220.95000000000002,249.71962432723197,227.56974338472855,118.21,356.96873802119654,351.44194712316505,473.3207751449861,454.8575503089818,285.45,316.01222690604635,166.00589814617757,360.73,413.82,477.5603261215207,291.0586878814564,341.9938067742578,226.24558673087813,445.8412597650759,431.9699390839694,1110.8512213780512,487.53319525222133,1476.753186499783,300.63635526368165,234.39742279230165,310.5265945020587,341.260748257129,264.2993461275526,326.53971914360517,572.8253501918039,1244.2721253804557,478.1504877030037,335.95994151218457,3393.629643835357,296.12832716808225,1805.49581247954,861.9119011993236,299.62212649363414,279.7745712265498,273.4735744898823,360.54813296545416,353.11042859218,311.18952719337915,443.3132557175254,383.60804268854463,644.3666911745541,407.41608143243076,304.5347338856881,274.516802691011,293.4416756138328,450.759854942725,347.34222174655025,260.14835549434713,302.87495874726613,259.55094200141036,230.8722123760645,319.0160417966618,390.2251526403983,283.8944715992423
     Zambia,344.82000000000005,241.76999999999998,252.93117999999998,168.22000000000003,489.59999999999997,121.61,271.46999999999997,174.43999999999997,141.57999999999998,175.56,157.65,196.11,217.2658424619714,185.40983374601208,261.62329622696757,195.55672294541426,668.608259994111,297.1120000903346,288.8230108728937,315.46910934335773,266.66,331.19,273.67,435.56847162449276,338.11851603139394,297.2829117392983,442.622515714176,195.0494511664997,360.2842295849298,330.248238836662,235.9687885993259,434.48618937889563,326.1985419629901,321.174447182594,339.05384462983585,528.4192802914176,615.1663083295372,406.59191208995526,771.039690224776,929.4064663078417,1093.8185615165296,802.643843372871,574.1234369066409,371.9689995109055,476.5891895590695,659.6342907547137,518.010805762497,670.1514316475044,487.40276963916,643.668737725609,496.63448271463477,614.556056718321,640.4536290312385,632.731328923806,664.9905517696762,884.3449643858,809.83,620.736598714613,888.8569735589381,688.4938531669993,588.2246443987268,464.6,794.0246515712064,741.9389641076347,616.6275089796155,704.8650420571513,1012.8953791151704,995.8141586372124,1219.226134665173
     South Sudan,401.05000000000007,79.75999999999999,157.7,94.51,95.02,55.91,74.31,66.09,112.40000000000002,75.85999999999999,67.71000000000001,126.25000000000001,93.85733987348574,140.8855328108677,156.231482162927,387.7264985715176,112.47833343477707,114.63297281950803,75.5253510591296,154.85581915762688,115.4,115.44,85.12,82.28288268044166,110.55708941647266,176.62576362885454,169.99777814839408,178.87593520821653,223.94106129319573,132.96629326857004,132.03263553394726,224.88553350418294,230.56740917284532,368.4400147466997,331.1574024584723,526.3471099020348,347.0,227.87198769163135,194.75657532436705,130.18755297111198,180.018947027513,171.11651485533662,141.03985157309225,159.5347598713578,174.94496621648213,262.6077801106807,154.84616660160341,714.8990139803557,963.8256137594869,370.504592695896,548.7075811765997,441.791929918246,462.466011697931,453.164530490708,714.8887283294829,349.384980444707,323.65311236616503,307.47728971801484,379.646441282755,465.0043027105586,177.05956230804253,210.15342447342408,185.73307771264658,249.80291636819746,199.6356800411591,135.479931437106,163.10694220907774,320.6946006401419,947.0318988490362
     Egypt,979.35,837.6600000000001,71.96,71.94999999999999,73.57,88.75,83.42000000000002,118.16999999999999,102.63000000000001,315.29,124.64,182.05,132.29739744218864,111.52020013318932,166.52011622273,92.8447061871561,329.00967228834566,139.75072537284908,135.81462922360913,185.79340634033503,158.75,160.71,152.42,88.07249209233045,74.22688896999601,220.88422546755018,165.20120827987344,384.59008422598407,118.93067260426191,226.10946341943335,157.19979725377777,97.47601824120615,88.8882057498572,73.10903203013912,102.29108707122079,101.96341314353454,151.80765412600505,209.26993301435715,148.6985114808889,154.8857515150737,235.46334376844771,219.38253298346834,261.70788006010554,87.11303052034289,166.94773918361503,230.54694843148374,116.43927676761523,153.84090729212113,195.1713400925114,153.58759349063794,215.22629138707,199.53958365465195,370.5002287990906,156.22317039711172,238.45675150503078,419.48371189417884,266.2152717454937,184.8853677232865,115.9555683053369,187.05543774877594,138.49872743020396,119.5832954379767,140.31683622580485,342.10386110687216,276.4286625369033,256.50316922640013,220.0609955895461,92.7983174818564,239.9971883166989
     Malawi,68.3,64.58,58.71000000000001,49.52,46.82,57.21,93.10000000000001,129.12,63.249,85.22,65.0,136.43,81.10882913664562,79.823962312206,74.76706556667102,53.88970711300677,72.97976031755324,160.34893352225524,102.61251034365033,120.69094063538172,95.97,138.99,100.94,168.2726113365251,589.257790710939,527.1051467905974,129.79205160494308,235.07732726109975,120.10269332802615,148.20265632151015,109.4465510025408,92.10566227999537,130.35094785283113,108.73367051067662,266.96896671772555,249.20026229933814,100.91485953635296,104.89086115745219,169.96718281220205,173.19124678447585,174.10716135568612,188.20309613854502,202.90673053162084,467.58371095754717,486.9439588181064,177.12767117207187,186.86565095455043,161.80826857860052,135.48243584943845,119.98056018766033,90.01579788634888,161.30053021057037,103.23638303096031,133.10807061638445,87.83093365455777,117.09727746706294,103.1937655168929,151.26944145415106,653.8625335713741,484.19255382347455,450.6742518201087,468.7171534281035,512.5417707396363,613.1098181575724,344.8818156186046,341.1850575842808,105.54550872022823,94.51335201249519,160.12075169803168
     Australia,5689.18,4489.429999999999,4186.228,4469.02,6631.67,7002.64,5269.9800000000005,4150.01,4307.2,5553.7300000000005,8302.710000000001,9872.03,8482.998549222106,8135.7425437901675,8322.15062061411,9457.691089690263,8649.484419391152,7879.09519202388,9235.463044490141,9212.25,6919.528880546023,4583.209999999999,3523.94,4368.962283922916,6492.415788787177,9384.08712111712,10703.321647137383,11226.332392085322,10686.369067419984,9956.55353893763,10281.33463890404,7546.759742089746,6000.666723632054,8229.697602344113,7638.248555852539,7561.144112583815,9327.63494015047,6411.025309002781,6097.055417957947,4522.652383402046,5945.046940124135,8736.767209371857,11682.525190635508,10745.139854383677,11408.377666198552,11741.759314233585,9735.135785186661,10345.30015388272,11103.759318536882,10640.140138561781,10995.720001640027,17975.6714082947,13418.6314224368,12176.707645118951,15741.54074862796,18709.028377090617,16983.91148840106,18660.719732721784,18128.209632535458,19592.396902563123,20684.106912871222,17210.81230094442,18134.14149683801,17519.0952819638,20149.83999708526,19128.785431027714,17797.767054620326,19751.076021939,20161.278647229254
     New zealand,264.2,207.06000000000003,91.39999999999999,86.38999999999999,67.44999999999999,106.07,143.29000000000002,111.03,83.74000000000001,85.30999999999999,263.28999999999996,331.33000000000004,288.8777017356208,283.67661191639746,283.55478541697926,326.30258884263236,401.5365425977099,340.56506119218454,306.66781369677204,381.02277385195737,275.97,186.1,215.01,473.30919060184885,310.5972951330621,329.0335673219896,416.18365679033116,383.21314481052934,240.0313454476413,175.57906704729274,131.54572073933275,644.5449690597887,133.92714005933033,196.10649869152883,172.9705364019209,377.3772805616145,451.0887315770777,256.29085640137185,422.09186906656134,356.9946344936918,317.9498199174794,312.2912965056298,371.4358769142353,165.1107458783329,132.7193114078909,156.03555170266648,138.00920375455675,207.7560593651958,206.01675847128212,210.20758876823618,174.23754204942486,228.34153384534721,224.678108523897,218.5889982131796,253.6020312291123,221.11989108982047,251.67815614783868,326.4827831088729,261.3485847010869,414.26955164289484,272.7808460944947,341.6618020617,276.2626235524585,326.3600494030465,319.3562547936439,320.7794447838579,402.13828204865183,392.2939722498272,364.6703050428019
